0,0,0,-0,0,0
0,0,0,-1.4016e-09,1.0007e-08,6.4886e-09
0,0,0,-1.1196e-08,7.9935e-08,5.1831e-08
0,0,0,-3.773e-08,2.6938e-07,1.7467e-07
-3.9174e-07,3.9174e-07,-9.4575e-07,-8.93e-08,6.3756e-07,4.134e-07
-7.6397e-07,7.6397e-07,-1.8444e-06,-1.7415e-07,1.2434e-06,8.0621e-07
-1.3181e-06,-4.0242e-07,-3.1823e-06,-6.2911e-07,2.1453e-06,-1.4673e-08
-2.09e-06,-2.3479e-06,-5.0458e-06,-1.3241e-06,3.4015e-06,-1.4202e-06
-3.1151e-06,-5.3468e-06,-7.5205e-06,-2.3263e-06,5.0698e-06,-3.626e-06
-4.4286e-06,-9.709e-06,-1.0692e-05,-3.7098e-06,7.2076e-06,-6.8769e-06
-6.0656e-06,-1.5777e-05,-1.4644e-05,-5.5548e-06,9.8721e-06,-1.1445e-05
-8.0611e-06,-2.3923e-05,-1.9462e-05,-7.9468e-06,1.312e-05,-1.7624e-05
-1.0449e-05,-3.4544e-05,-2.5229e-05,-1.0976e-05,1.7007e-05,-2.5732e-05
-1.3265e-05,-4.8057e-05,-3.2028e-05,-1.4737e-05,2.1591e-05,-3.6101e-05
-1.6542e-05,-6.4895e-05,-3.9942e-05,-1.9326e-05,2.6926e-05,-4.9077e-05
-2.0315e-05,-8.5506e-05,-4.9052e-05,-2.4844e-05,3.3067e-05,-6.5017e-05
-2.4617e-05,-0.00011034,-5.9441e-05,-3.1391e-05,4.0071e-05,-8.4283e-05
-2.9481e-05,-0.00013986,-7.119e-05,-3.9067e-05,4.799e-05,-0.00010724
-3.494e-05,-0.00017451,-8.4378e-05,-4.7975e-05,5.6881e-05,-0.00013425
-4.1028e-05,-0.00021474,-9.9087e-05,-5.8212e-05,6.6796e-05,-0.00016567
-4.7778e-05,-0.00026099,-0.0001154,-6.9875e-05,7.779e-05,-0.00020184
-5.5221e-05,-0.00031367,-0.00013338,-8.3059e-05,8.9915e-05,-0.00024311
-6.3389e-05,-0.00037318,-0.00015313,-9.7852e-05,0.00010322,-0.00028978
-7.2315e-05,-0.0004399,-0.00017471,-0.00011434,0.00011777,-0.00034216
-8.2029e-05,-0.00051416,-0.0001982,-0.0001326,0.00013361,-0.00040052
-9.2564e-05,-0.00059629,-0.00022369,-0.00015271,0.00015078,-0.0004651
-0.00010395,-0.00068654,-0.00025124,-0.00017473,0.00016936,-0.00053613
-0.00011622,-0.00078517,-0.00028093,-0.00019872,0.00018937,-0.00061379
-0.0001294,-0.00089237,-0.00031285,-0.00022474,0.00021088,-0.00069822
-0.00014352,-0.0010083,-0.00034706,-0.00025282,0.00023394,-0.00078956
-0.00015862,-0.001133,-0.00038363,-0.00028299,0.00025859,-0.00088788
-0.00017471,-0.0012667,-0.00042265,-0.00031529,0.00028488,-0.00099322
-0.00019184,-0.0014092,-0.00046419,-0.00034972,0.00031288,-0.0011056
-0.00021003,-0.0015606,-0.00050832,-0.0003863,0.00034261,-0.0012249
-0.0002293,-0.0017208,-0.00055511,-0.00042502,0.00037415,-0.0013512
-0.00024969,-0.0018897,-0.00060464,-0.00046587,0.00040752,-0.0014843
-0.00027123,-0.002067,-0.00065698,-0.00050883,0.00044279,-0.0016241
-0.00029394,-0.0022526,-0.00071219,-0.00055387,0.00047999,-0.0017703
-0.00031784,-0.0024462,-0.00077036,-0.00060095,0.00051918,-0.0019228
-0.00034298,-0.0026476,-0.00083154,-0.00065003,0.00056041,-0.0020813
-0.00036937,-0.0028563,-0.00089582,-0.00070105,0.00060371,-0.0022455
-0.00039704,-0.003072,-0.00096326,-0.00075397,0.00064914,-0.0024151
-0.00042601,-0.0032944,-0.0010339,-0.00080871,0.00069675,-0.0025899
-0.00045632,-0.003523,-0.0011079,-0.0008652,0.00074658,-0.0027694
-0.00048799,-0.0037573,-0.0011852,-0.00092339,0.00079867,-0.0029532
-0.00052105,-0.0039969,-0.001266,-0.00098317,0.00085307,-0.0031411
-0.00055551,-0.0042413,-0.0013503,-0.0010445,0.00090984,-0.0033325
-0.00059141,-0.00449,-0.0014381,-0.0011073,0.000969,-0.0035272
-0.00062877,-0.0047426,-0.0015296,-0.0011714,0.0010306,-0.0037246
-0.00066761,-0.0049986,-0.0016248,-0.0012368,0.0010947,-0.0039245
-0.00070796,-0.0052574,-0.0017237,-0.0013034,0.0011613,-0.0041263
-0.00074985,-0.0055187,-0.0018265,-0.0013712,0.0012305,-0.0043298
-0.0007933,-0.005782,-0.0019332,-0.00144,0.0013024,-0.0045345
-0.00083832,-0.0060468,-0.0020438,-0.0015098,0.0013768,-0.0047401
-0.00088496,-0.0063128,-0.0021584,-0.0015805,0.001454,-0.0049462
-0.00093322,-0.0065796,-0.0022772,-0.0016521,0.001534,-0.0051526
-0.00098313,-0.0068468,-0.0024001,-0.0017245,0.0016167,-0.0053589
-0.0010347,-0.0071141,-0.0025272,-0.0017976,0.0017023,-0.005565
-0.001088,-0.0073812,-0.0026585,-0.0018715,0.0017907,-0.0057705
-0.001143,-0.007648,-0.0027942,-0.001946,0.0018821,-0.0059753
-0.0011998,-0.0079143,-0.0029343,-0.0020212,0.0019764,-0.0061792
-0.0012583,-0.0081798,-0.0030789,-0.002097,0.0020736,-0.0063821
-0.0013186,-0.0084446,-0.0032279,-0.0021735,0.002174,-0.006584
-0.0013807,-0.0087086,-0.0033816,-0.0022506,0.0022774,-0.0067848
-0.0014447,-0.0089717,-0.0035398,-0.0023284,0.0023839,-0.0069845
-0.0015105,-0.0092341,-0.0037028,-0.0024068,0.0024935,-0.0071831
-0.0015781,-0.0094959,-0.0038705,-0.002486,0.0026064,-0.0073807
-0.0016477,-0.0097572,-0.004043,-0.0025659,0.0027225,-0.0075775
-0.0017191,-0.010018,-0.0042204,-0.0026465,0.0028418,-0.0077735
-0.0017925,-0.010279,-0.0044027,-0.002728,0.0029645,-0.0079691
-0.0018679,-0.01054,-0.00459,-0.0028105,0.0030905,-0.0081644
-0.0019452,-0.010802,-0.0047823,-0.0028939,0.0032199,-0.0083596
-0.0020245,-0.011064,-0.0049797,-0.0029783,0.0033527,-0.0085551
-0.0021058,-0.011328,-0.0051823,-0.0030639,0.0034889,-0.0087511
-0.0021891,-0.011594,-0.00539,-0.0031508,0.0036287,-0.008948
-0.0022744,-0.011861,-0.005603,-0.0032389,0.0037719,-0.0091462
-0.0023619,-0.012132,-0.0058213,-0.0033285,0.0039187,-0.009346
-0.0024513,-0.012405,-0.006045,-0.0034196,0.0040692,-0.0095478
-0.0025429,-0.012682,-0.0062741,-0.0035123,0.0042232,-0.009752
-0.0026365,-0.012963,-0.0065087,-0.0036067,0.004381,-0.009959
-0.0027323,-0.013248,-0.0067488,-0.003703,0.0045424,-0.010169
-0.0028301,-0.013539,-0.0069944,-0.0038012,0.0047076,-0.010383
-0.0029301,-0.013834,-0.0072458,-0.0039014,0.0048765,-0.010601
-0.0030323,-0.014136,-0.0075028,-0.0040038,0.0050493,-0.010823
-0.0031366,-0.014444,-0.0077655,-0.0041083,0.0052259,-0.011049
-0.003243,-0.014759,-0.008034,-0.0042152,0.0054064,-0.011281
-0.0033517,-0.015082,-0.0083084,-0.0043244,0.0055908,-0.011518
-0.0034625,-0.015411,-0.0085886,-0.0044362,0.0057791,-0.011761
-0.0035756,-0.015749,-0.0088748,-0.0045505,0.0059714,-0.012009
-0.0036908,-0.016095,-0.009167,-0.0046673,0.0061677,-0.012264
-0.0038082,-0.016449,-0.0094652,-0.0047869,0.0063681,-0.012525
-0.0039279,-0.016812,-0.0097695,-0.0049091,0.0065725,-0.012793
-0.0040498,-0.017183,-0.01008,-0.0050342,0.006781,-0.013067
-0.004174,-0.017564,-0.010397,-0.005162,0.0069937,-0.013348
-0.0043003,-0.017953,-0.01072,-0.0052926,0.0072105,-0.013635
-0.004429,-0.018352,-0.011049,-0.005426,0.0074316,-0.01393
-0.0045599,-0.018759,-0.011384,-0.0055622,0.0076568,-0.014231
-0.004693,-0.019176,-0.011726,-0.0057013,0.0078863,-0.014539
-0.0048284,-0.019601,-0.012074,-0.0058432,0.0081202,-0.014854
-0.0049662,-0.020035,-0.012429,-0.0059878,0.0083583,-0.015175
-0.0051061,-0.020477,-0.012791,-0.0061352,0.0086008,-0.015503
-0.0052484,-0.020928,-0.013159,-0.0062854,0.0088476,-0.015836
-0.005393,-0.021386,-0.013533,-0.0064382,0.0090989,-0.016176
-0.0055399,-0.021852,-0.013914,-0.0065936,0.0093546,-0.016521
-0.0056891,-0.022326,-0.014302,-0.0067515,0.0096148,-0.016871
-0.0058406,-0.022806,-0.014697,-0.006912,0.0098794,-0.017227
-0.0059944,-0.023292,-0.015098,-0.0070749,0.010149,-0.017587
-0.0061506,-0.023785,-0.015506,-0.0072402,0.010422,-0.017952
-0.0063091,-0.024283,-0.015921,-0.0074077,0.010701,-0.01832
-0.0064699,-0.024787,-0.016343,-0.0075774,0.010983,-0.018693
-0.0066331,-0.025295,-0.016772,-0.0077493,0.011271,-0.019068
-0.0067986,-0.025808,-0.017208,-0.0079232,0.011563,-0.019447
-0.0069665,-0.026324,-0.017651,-0.0080991,0.01186,-0.019828
-0.0071368,-0.026844,-0.018101,-0.0082768,0.012162,-0.020211
-0.0073094,-0.027367,-0.018559,-0.0084564,0.012468,-0.020596
-0.0074844,-0.027892,-0.019023,-0.0086378,0.012779,-0.020983
-0.0076618,-0.02842,-0.019494,-0.0088208,0.013095,-0.021371
-0.0078416,-0.02895,-0.019973,-0.0090055,0.013415,-0.02176
-0.0080238,-0.029481,-0.020459,-0.0091917,0.013741,-0.022149
-0.0082084,-0.030014,-0.020952,-0.0093795,0.014071,-0.022539
-0.0083954,-0.030547,-0.021453,-0.0095688,0.014406,-0.02293
-0.0085848,-0.031082,-0.021961,-0.0097595,0.014746,-0.02332
-0.0087766,-0.031617,-0.022477,-0.0099517,0.015091,-0.02371
-0.0089709,-0.032152,-0.022999,-0.010145,0.015441,-0.024101
-0.0091675,-0.032689,-0.02353,-0.01034,0.015796,-0.024491
-0.0093666,-0.033225,-0.024068,-0.010537,0.016156,-0.02488
-0.0095681,-0.033763,-0.024613,-0.010734,0.016521,-0.02527
-0.009772,-0.0343,-0.025166,-0.010934,0.016891,-0.025659
-0.0099784,-0.034839,-0.025727,-0.011135,0.017265,-0.026049
-0.010187,-0.035378,-0.026295,-0.011337,0.017646,-0.026438
-0.010398,-0.035919,-0.026871,-0.011541,0.018031,-0.026828
-0.010612,-0.036461,-0.027455,-0.011746,0.018421,-0.027219
-0.010828,-0.037004,-0.028046,-0.011953,0.018816,-0.02761
-0.011046,-0.03755,-0.028645,-0.012162,0.019217,-0.028002
-0.011267,-0.038098,-0.029252,-0.012373,0.019622,-0.028395
-0.01149,-0.038649,-0.029867,-0.012585,0.020033,-0.02879
-0.011715,-0.039202,-0.03049,-0.0128,0.020449,-0.029187
-0.011943,-0.03976,-0.031121,-0.013017,0.020871,-0.029586
-0.012174,-0.040321,-0.03176,-0.013236,0.021297,-0.029989
-0.012406,-0.040888,-0.032406,-0.013457,0.021729,-0.030394
-0.012641,-0.041459,-0.033061,-0.013681,0.022167,-0.030803
-0.012878,-0.042036,-0.033724,-0.013907,0.022609,-0.031215
-0.013117,-0.042619,-0.034395,-0.014135,0.023057,-0.031632
-0.013359,-0.043208,-0.035074,-0.014367,0.02351,-0.032054
-0.013603,-0.043804,-0.035762,-0.014601,0.023969,-0.032481
-0.013849,-0.044408,-0.036457,-0.014838,0.024433,-0.032914
-0.014097,-0.04502,-0.037161,-0.015078,0.024902,-0.033352
-0.014348,-0.04564,-0.037873,-0.015321,0.025377,-0.033797
-0.0146,-0.046269,-0.038593,-0.015567,0.025857,-0.034248
-0.014855,-0.046906,-0.039322,-0.015816,0.026343,-0.034705
-0.015112,-0.047554,-0.040059,-0.016069,0.026834,-0.03517
-0.015371,-0.04821,-0.040805,-0.016325,0.027331,-0.035642
-0.015632,-0.048877,-0.041559,-0.016584,0.027833,-0.036122
-0.015894,-0.049553,-0.042321,-0.016847,0.028341,-0.036609
-0.016159,-0.050239,-0.043092,-0.017113,0.028855,-0.037104
-0.016426,-0.050936,-0.043872,-0.017383,0.029374,-0.037606
-0.016695,-0.051642,-0.04466,-0.017656,0.029898,-0.038116
-0.016966,-0.052359,-0.045457,-0.017933,0.030428,-0.038634
-0.017239,-0.053086,-0.046262,-0.018213,0.030964,-0.039159
-0.017514,-0.053822,-0.047076,-0.018496,0.031505,-0.039692
-0.017791,-0.054568,-0.047899,-0.018783,0.032053,-0.040232
-0.018069,-0.055323,-0.04873,-0.019073,0.032605,-0.040779
-0.01835,-0.056087,-0.04957,-0.019366,0.033164,-0.041333
-0.018632,-0.05686,-0.050419,-0.019663,0.033728,-0.041894
-0.018916,-0.057641,-0.051276,-0.019962,0.034297,-0.04246
-0.019202,-0.058429,-0.052143,-0.020265,0.034873,-0.043032
-0.01949,-0.059225,-0.053018,-0.020571,0.035454,-0.04361
-0.019779,-0.060027,-0.053902,-0.020879,0.036041,-0.044192
-0.02007,-0.060835,-0.054795,-0.02119,0.036634,-0.044779
-0.020364,-0.061649,-0.055697,-0.021504,0.037232,-0.04537
-0.020658,-0.062467,-0.056607,-0.02182,0.037836,-0.045964
-0.020955,-0.06329,-0.057527,-0.022139,0.038446,-0.046561
-0.021254,-0.064115,-0.058455,-0.02246,0.039062,-0.04716
-0.021554,-0.064944,-0.059393,-0.022783,0.039683,-0.04776
-0.021856,-0.065774,-0.060339,-0.023108,0.040311,-0.048362
-0.02216,-0.066606,-0.061294,-0.023435,0.040944,-0.048964
-0.022466,-0.067438,-0.062259,-0.023763,0.041583,-0.049567
-0.022773,-0.068271,-0.063232,-0.024093,0.042227,-0.050168
-0.023082,-0.069102,-0.064214,-0.024425,0.042878,-0.050769
-0.023393,-0.069932,-0.065205,-0.024758,0.043534,-0.051368
-0.023706,-0.07076,-0.066206,-0.025092,0.044197,-0.051964
-0.024021,-0.071585,-0.067215,-0.025427,0.044865,-0.052558
-0.024337,-0.072406,-0.068233,-0.025763,0.045538,-0.053148
-0.024656,-0.073224,-0.06926,-0.0261,0.046218,-0.053735
-0.024976,-0.074037,-0.070297,-0.026438,0.046904,-0.054317
-0.025298,-0.074845,-0.071342,-0.026777,0.047595,-0.054895
-0.025622,-0.075648,-0.072396,-0.027116,0.048293,-0.055468
-0.025948,-0.076445,-0.07346,-0.027455,0.048996,-0.056035
-0.026276,-0.077236,-0.074532,-0.027795,0.049705,-0.056597
-0.026605,-0.078019,-0.075614,-0.028135,0.05042,-0.057153
-0.026936,-0.078796,-0.076704,-0.028476,0.05114,-0.057702
-0.02727,-0.079566,-0.077804,-0.028817,0.051867,-0.058245
-0.027605,-0.080328,-0.078913,-0.029158,0.0526,-0.058782
-0.027942,-0.081083,-0.080031,-0.029499,0.053338,-0.059312
-0.028281,-0.081829,-0.081158,-0.02984,0.054082,-0.059834
-0.028622,-0.082568,-0.082294,-0.030182,0.054833,-0.06035
-0.028964,-0.083298,-0.083439,-0.030523,0.055589,-0.060858
-0.029309,-0.084021,-0.084593,-0.030865,0.056351,-0.06136
-0.029655,-0.084735,-0.085757,-0.031206,0.057119,-0.061854
-0.030003,-0.085441,-0.086929,-0.031548,0.057893,-0.06234
-0.030353,-0.086138,-0.088111,-0.031889,0.058672,-0.06282
-0.030705,-0.086828,-0.089301,-0.032231,0.059458,-0.063292
-0.031059,-0.087509,-0.090501,-0.032573,0.06025,-0.063756
-0.031415,-0.088181,-0.09171,-0.032915,0.061047,-0.064214
-0.031772,-0.088846,-0.092929,-0.033257,0.061851,-0.064664
-0.032131,-0.089502,-0.094156,-0.033599,0.06266,-0.065107
-0.032492,-0.09015,-0.095392,-0.033941,0.063475,-0.065543
-0.032855,-0.09079,-0.096638,-0.034283,0.064296,-0.065972
-0.03322,-0.091422,-0.097893,-0.034625,0.065123,-0.066393
-0.033586,-0.092045,-0.099157,-0.034967,0.065956,-0.066807
-0.033955,-0.092661,-0.10043,-0.03531,0.066795,-0.067214
-0.034325,-0.093268,-0.10171,-0.035652,0.06764,-0.067614
-0.034696,-0.093866,-0.103,-0.035995,0.068491,-0.068006
-0.03507,-0.094457,-0.1043,-0.036337,0.069347,-0.068391
-0.035445,-0.095038,-0.10561,-0.03668,0.07021,-0.068769
-0.035822,-0.095611,-0.10693,-0.037022,0.071079,-0.069139
-0.036201,-0.096176,-0.10826,-0.037365,0.071953,-0.069501
-0.036582,-0.096731,-0.1096,-0.037707,0.072833,-0.069855
-0.036964,-0.097276,-0.11094,-0.038049,0.073719,-0.070201
-0.037349,-0.097813,-0.1123,-0.038391,0.074612,-0.070539
-0.037735,-0.098339,-0.11367,-0.038733,0.07551,-0.070868
-0.038123,-0.098855,-0.11504,-0.039074,0.076413,-0.071188
-0.038513,-0.099361,-0.11642,-0.039416,0.077323,-0.0715
-0.038904,-0.099856,-0.11781,-0.039756,0.078239,-0.071802
-0.039298,-0.10034,-0.11921,-0.040096,0.07916,-0.072094
-0.039693,-0.10081,-0.12062,-0.040436,0.080088,-0.072376
-0.040091,-0.10127,-0.12204,-0.040775,0.081021,-0.072648
-0.04049,-0.10172,-0.12347,-0.041113,0.08196,-0.07291
-0.040891,-0.10216,-0.12491,-0.041451,0.082905,-0.07316
-0.041295,-0.10258,-0.12636,-0.041787,0.083856,-0.073399
-0.0417,-0.10299,-0.12781,-0.042122,0.084813,-0.073627
-0.042108,-0.10338,-0.12928,-0.042457,0.085775,-0.073842
-0.042517,-0.10376,-0.13075,-0.04279,0.086744,-0.074046
-0.042929,-0.10413,-0.13223,-0.043122,0.087718,-0.074236
-0.043343,-0.10448,-0.13372,-0.043453,0.088698,-0.074414
-0.043759,-0.10481,-0.13522,-0.043782,0.089684,-0.074578
-0.044177,-0.10513,-0.13673,-0.04411,0.090675,-0.074729
-0.044598,-0.10543,-0.13825,-0.044437,0.091672,-0.074866
-0.045021,-0.10572,-0.13977,-0.044761,0.092676,-0.074989
-0.045447,-0.10599,-0.14131,-0.045085,0.093684,-0.075099
-0.045874,-0.10624,-0.14285,-0.045406,0.094699,-0.075194
-0.046304,-0.10648,-0.14441,-0.045727,0.095719,-0.075274
-0.046737,-0.1067,-0.14597,-0.046045,0.096746,-0.07534
-0.047172,-0.1069,-0.14754,-0.046362,0.097777,-0.075392
-0.047609,-0.10709,-0.14912,-0.046676,0.098815,-0.075429
-0.048049,-0.10726,-0.15071,-0.04699,0.099858,-0.075452
-0.048509,-0.10718,-0.1523,-0.047256,0.10091,-0.075271
-0.048989,-0.10686,-0.15389,-0.047477,0.10196,-0.07489
-0.049488,-0.10631,-0.15549,-0.047653,0.10301,-0.074312
-0.050008,-0.10553,-0.15708,-0.047785,0.10407,-0.073545
-0.050548,-0.10454,-0.15869,-0.047876,0.10514,-0.072598
-0.051107,-0.10334,-0.16029,-0.047928,0.10621,-0.07148
-0.051685,-0.10195,-0.1619,-0.047945,0.10728,-0.070204
-0.05228,-0.10039,-0.16351,-0.047928,0.10836,-0.068783
-0.052892,-0.098669,-0.16513,-0.047882,0.10944,-0.067233
-0.053519,-0.096818,-0.16674,-0.047811,0.11053,-0.06557
-0.054161,-0.094853,-0.16837,-0.047719,0.11162,-0.063811
-0.054814,-0.092798,-0.17,-0.04761,0.11271,-0.061975
-0.055478,-0.090674,-0.17163,-0.047488,0.11381,-0.060082
-0.056151,-0.088506,-0.17328,-0.04736,0.11492,-0.058151
-0.05683,-0.086318,-0.17492,-0.047228,0.11603,-0.056203
-0.057514,-0.084135,-0.17658,-0.047099,0.11715,-0.054257
-0.058201,-0.081981,-0.17825,-0.046977,0.11827,-0.052334
-0.058887,-0.07988,-0.17992,-0.046867,0.1194,-0.050454
-0.059572,-0.077855,-0.1816,-0.046773,0.12053,-0.048637
-0.060252,-0.075929,-0.1833,-0.0467,0.12167,-0.046901
-0.060925,-0.074124,-0.185,-0.046653,0.12282,-0.045265
-0.06159,-0.07246,-0.18672,-0.046635,0.12397,-0.043746
-0.062244,-0.070956,-0.18846,-0.04665,0.12513,-0.042359
-0.062884,-0.069628,-0.1902,-0.046702,0.1263,-0.041118
-0.06351,-0.068493,-0.19196,-0.046793,0.12747,-0.040038
-0.064119,-0.067563,-0.19374,-0.046927,0.12865,-0.039128
-0.064709,-0.066851,-0.19553,-0.047105,0.12984,-0.038398
-0.06528,-0.066363,-0.19733,-0.047331,0.13103,-0.037856
-0.065829,-0.066108,-0.19915,-0.047603,0.13224,-0.037507
-0.066356,-0.066088,-0.20099,-0.047925,0.13345,-0.037355
-0.06686,-0.066306,-0.20285,-0.048296,0.13467,-0.037402
-0.067341,-0.066761,-0.20472,-0.048715,0.13589,-0.037645
-0.067797,-0.067449,-0.20661,-0.049183,0.13713,-0.038084
-0.068229,-0.068364,-0.20852,-0.049698,0.13837,-0.038712
-0.068638,-0.069498,-0.21045,-0.050259,0.13961,-0.039523
-0.069023,-0.070841,-0.21239,-0.050863,0.14087,-0.040509
-0.069385,-0.072378,-0.21435,-0.051508,0.14213,-0.041658
-0.069725,-0.074096,-0.21632,-0.052191,0.1434,-0.042959
-0.070045,-0.075977,-0.21831,-0.052908,0.14468,-0.044396
-0.070346,-0.078003,-0.22031,-0.053656,0.14596,-0.045955
-0.07063,-0.080152,-0.22233,-0.054431,0.14725,-0.047619
-0.070899,-0.082405,-0.22436,-0.055228,0.14855,-0.049369
-0.071154,-0.084737,-0.22641,-0.056043,0.14985,-0.051186
-0.0714,-0.087125,-0.22846,-0.056872,0.15116,-0.053051
-0.071637,-0.089544,-0.23053,-0.057708,0.15247,-0.054942
-0.071869,-0.091969,-0.2326,-0.058548,0.15379,-0.05684
-0.072099,-0.094376,-0.23469,-0.059385,0.15512,-0.058723
-0.072329,-0.096739,-0.23678,-0.060216,0.15645,-0.06057
-0.072564,-0.099033,-0.23888,-0.061035,0.15778,-0.06236
-0.072804,-0.10123,-0.24099,-0.061837,0.15912,-0.064073
-0.073055,-0.10332,-0.2431,-0.062618,0.16046,-0.06569
-0.073318,-0.10527,-0.24521,-0.063373,0.16181,-0.067192
-0.073598,-0.10706,-0.24733,-0.064097,0.16316,-0.068561
-0.073896,-0.10867,-0.24945,-0.064788,0.16451,-0.069781
-0.074215,-0.11009,-0.25157,-0.065441,0.16587,-0.070837
-0.074558,-0.11129,-0.25369,-0.066053,0.16723,-0.071717
-0.074927,-0.11227,-0.25582,-0.066622,0.16859,-0.072408
-0.075325,-0.11302,-0.25794,-0.067145,0.16996,-0.072901
-0.075753,-0.11352,-0.26006,-0.06762,0.17133,-0.073189
-0.076212,-0.11377,-0.26218,-0.068046,0.1727,-0.073266
-0.076705,-0.11376,-0.26429,-0.068423,0.17408,-0.073129
-0.077232,-0.1135,-0.2664,-0.068749,0.17546,-0.072777
-0.077793,-0.11299,-0.26852,-0.069026,0.17684,-0.07221
-0.07839,-0.11222,-0.27062,-0.069253,0.17823,-0.071433
-0.079021,-0.11122,-0.27273,-0.069433,0.17961,-0.07045
-0.079686,-0.10997,-0.27483,-0.069567,0.18101,-0.06927
-0.080384,-0.10851,-0.27693,-0.069657,0.1824,-0.067902
-0.081115,-0.10684,-0.27903,-0.069706,0.1838,-0.066357
-0.081876,-0.10497,-0.28113,-0.069717,0.1852,-0.064649
-0.082666,-0.10293,-0.28323,-0.069695,0.1866,-0.062794
-0.083482,-0.10074,-0.28532,-0.069642,0.18801,-0.060808
-0.084321,-0.098416,-0.28742,-0.069564,0.18942,-0.05871
-0.085181,-0.095982,-0.28952,-0.069464,0.19083,-0.056518
-0.086059,-0.093463,-0.29162,-0.069348,0.19225,-0.054254
-0.086951,-0.090885,-0.29372,-0.069221,0.19367,-0.051938
-0.087853,-0.088273,-0.29583,-0.069089,0.19509,-0.049593
-0.088761,-0.085653,-0.29795,-0.068955,0.19652,-0.04724
-0.089672,-0.083052,-0.30007,-0.068827,0.19796,-0.044902
-0.090582,-0.080497,-0.3022,-0.068709,0.1994,-0.042601
-0.091486,-0.078012,-0.30434,-0.068606,0.20084,-0.040358
-0.092381,-0.075622,-0.30648,-0.068523,0.20229,-0.038195
-0.093262,-0.073353,-0.30865,-0.068466,0.20375,-0.036133
-0.094125,-0.071226,-0.31082,-0.068439,0.20521,-0.03419
-0.094968,-0.069262,-0.31301,-0.068446,0.20667,-0.032384
-0.095785,-0.067481,-0.31521,-0.068492,0.20815,-0.030733
-0.096574,-0.0659,-0.31743,-0.06858,0.20963,-0.02925
-0.097331,-0.064535,-0.31967,-0.068712,0.21111,-0.027949
-0.098054,-0.063398,-0.32193,-0.068893,0.21261,-0.026841
-0.098739,-0.0625,-0.3242,-0.069124,0.21411,-0.025934
-0.099386,-0.061848,-0.3265,-0.069406,0.21561,-0.025236
-0.099993,-0.061447,-0.32881,-0.069741,0.21713,-0.024751
-0.10056,-0.061299,-0.33115,-0.07013,0.21865,-0.024481
-0.10108,-0.061404,-0.3335,-0.070571,0.22018,-0.024425
-0.10156,-0.061758,-0.33588,-0.071065,0.22171,-0.02458
-0.10199,-0.062355,-0.33828,-0.07161,0.22326,-0.024942
-0.10238,-0.063184,-0.3407,-0.072204,0.2248,-0.025502
-0.10274,-0.064234,-0.34313,-0.072845,0.22636,-0.02625
-0.10305,-0.065491,-0.34559,-0.073531,0.22792,-0.027174
-0.10332,-0.066937,-0.34806,-0.074256,0.22949,-0.02826
-0.10356,-0.068553,-0.35055,-0.075018,0.23107,-0.029491
-0.10377,-0.070318,-0.35306,-0.075812,0.23265,-0.03085
-0.10395,-0.072207,-0.35558,-0.076634,0.23423,-0.032316
-0.10411,-0.074197,-0.35812,-0.077477,0.23582,-0.033869
-0.10425,-0.07626,-0.36067,-0.078338,0.23741,-0.035485
-0.10437,-0.07837,-0.36322,-0.079209,0.23901,-0.037142
-0.10448,-0.080498,-0.36579,-0.080086,0.24062,-0.038816
-0.10459,-0.082616,-0.36836,-0.080963,0.24222,-0.040483
-0.1047,-0.084694,-0.37094,-0.081833,0.24383,-0.042117
-0.10481,-0.086704,-0.37353,-0.08269,0.24545,-0.043695
-0.10494,-0.088619,-0.37611,-0.08353,0.24706,-0.045193
-0.10508,-0.09041,-0.3787,-0.084345,0.24868,-0.046586
-0.10525,-0.092052,-0.38129,-0.085132,0.2503,-0.047854
-0.10544,-0.09352,-0.38387,-0.085884,0.25192,-0.048974
-0.10567,-0.094792,-0.38645,-0.086597,0.25355,-0.049927
-0.10593,-0.095846,-0.38902,-0.087266,0.25517,-0.050695
-0.10624,-0.096664,-0.39159,-0.087889,0.2568,-0.051262
-0.10659,-0.097229,-0.39415,-0.08846,0.25843,-0.051615
-0.107,-0.09753,-0.3967,-0.088979,0.26006,-0.051741
-0.10745,-0.097555,-0.39925,-0.089441,0.26169,-0.051632
-0.10796,-0.097297,-0.40178,-0.089847,0.26333,-0.051282
-0.10853,-0.096753,-0.4043,-0.090194,0.26496,-0.050686
-0.10916,-0.095922,-0.40681,-0.090484,0.2666,-0.049844
-0.10985,-0.094806,-0.40932,-0.090715,0.26824,-0.048759
-0.11059,-0.093411,-0.41181,-0.09089,0.26988,-0.047434
-0.1114,-0.091747,-0.41429,-0.09101,0.27152,-0.045879
-0.11226,-0.089827,-0.41676,-0.091077,0.27316,-0.044103
-0.11317,-0.087666,-0.41921,-0.091096,0.27481,-0.042119
-0.11414,-0.085282,-0.42167,-0.091069,0.27645,-0.039945
-0.11515,-0.082699,-0.42411,-0.091002,0.2781,-0.037597
-0.11621,-0.079938,-0.42655,-0.090898,0.27975,-0.035097
-0.1173,-0.077028,-0.42898,-0.090764,0.2814,-0.032467
-0.11843,-0.073997,-0.4314,-0.090605,0.28305,-0.029731
-0.11958,-0.070874,-0.43383,-0.090428,0.28471,-0.026916
-0.12076,-0.067691,-0.43625,-0.090238,0.28636,-0.024048
-0.12194,-0.064482,-0.43868,-0.090044,0.28802,-0.021155
-0.12313,-0.061279,-0.44111,-0.089851,0.28969,-0.018267
-0.12432,-0.058115,-0.44355,-0.089667,0.29135,-0.015411
-0.1255,-0.055024,-0.44599,-0.089499,0.29302,-0.012616
-0.12666,-0.052038,-0.44845,-0.089353,0.2947,-0.009911
-0.1278,-0.049189,-0.45092,-0.089236,0.29638,-0.0073224
-0.1289,-0.046508,-0.4534,-0.089155,0.29806,-0.0048766
-0.12996,-0.044021,-0.4559,-0.089115,0.29975,-0.002598
-0.13097,-0.041756,-0.45842,-0.089122,0.30144,-0.00050916
-0.13194,-0.039736,-0.46096,-0.089182,0.30314,0.0013695
-0.13284,-0.037981,-0.46352,-0.089297,0.30485,0.0030203
-0.13368,-0.036507,-0.4661,-0.089472,0.30656,0.0044281
-0.13445,-0.03533,-0.46872,-0.08971,0.30827,0.0055809
-0.13514,-0.034458,-0.47135,-0.090014,0.31,0.0064702
-0.13577,-0.033898,-0.47402,-0.090383,0.31173,0.0070906
-0.13631,-0.03365,-0.47671,-0.09082,0.31346,0.0074404
-0.13678,-0.033713,-0.47943,-0.091322,0.3152,0.0075217
-0.13717,-0.034078,-0.48217,-0.09189,0.31695,0.0073402
-0.13748,-0.034736,-0.48495,-0.09252,0.31871,0.0069052
-0.13773,-0.035671,-0.48774,-0.09321,0.32047,0.0062299
-0.1379,-0.036862,-0.49057,-0.093955,0.32223,0.005331
-0.13801,-0.038288,-0.49341,-0.09475,0.324,0.0042284
-0.13805,-0.039919,-0.49628,-0.09559,0.32577,0.0029456
-0.13805,-0.041727,-0.49916,-0.096468,0.32755,0.0015086
-0.138,-0.043676,-0.50206,-0.097378,0.32933,-5.3437e-05
-0.13792,-0.045732,-0.50497,-0.098311,0.33112,-0.0017094
-0.1378,-0.047856,-0.5079,-0.09926,0.3329,-0.0034262
-0.13768,-0.050007,-0.51083,-0.10022,0.33469,-0.005169
-0.13754,-0.052145,-0.51376,-0.10117,0.33648,-0.0069022
-0.13741,-0.054228,-0.5167,-0.10211,0.33828,-0.0085894
-0.1373,-0.056213,-0.51963,-0.10304,0.34007,-0.010194
-0.13722,-0.05806,-0.52256,-0.10394,0.34186,-0.011681
-0.13717,-0.059729,-0.52549,-0.1048,0.34365,-0.013014
-0.13718,-0.061182,-0.5284,-0.10561,0.34545,-0.014161
-0.13725,-0.062382,-0.5313,-0.10637,0.34724,-0.01509
-0.13739,-0.063298,-0.53418,-0.10708,0.34904,-0.015773
-0.1376,-0.0639,-0.53704,-0.10772,0.35083,-0.016183
-0.13791,-0.064163,-0.53989,-0.10829,0.35262,-0.0163
-0.13831,-0.064067,-0.54271,-0.10878,0.35442,-0.016105
-0.13882,-0.063597,-0.54551,-0.1092,0.35621,-0.015584
-0.13943,-0.062744,-0.54828,-0.10953,0.358,-0.014729
-0.14015,-0.061503,-0.55103,-0.10978,0.3598,-0.013535
-0.14098,-0.059876,-0.55376,-0.10996,0.36159,-0.012006
-0.14192,-0.057873,-0.55645,-0.11005,0.36338,-0.010147
-0.14296,-0.055508,-0.55913,-0.11007,0.36517,-0.0079702
-0.14411,-0.052801,-0.56178,-0.11001,0.36697,-0.0054946
-0.14535,-0.049779,-0.5644,-0.10989,0.36876,-0.0027429
-0.14668,-0.046475,-0.56701,-0.10971,0.37055,0.0002565
-0.14809,-0.042928,-0.5696,-0.10947,0.37234,0.0034705
-0.14957,-0.039181,-0.57217,-0.1092,0.37413,0.0068614
-0.1511,-0.035281,-0.57474,-0.10889,0.37593,0.010387
-0.15266,-0.03128,-0.57729,-0.10856,0.37772,0.014004
-0.15425,-0.027233,-0.57984,-0.10822,0.37951,0.017662
-0.15585,-0.023197,-0.5824,-0.10788,0.38131,0.021313
-0.15743,-0.01923,-0.58496,-0.10756,0.3831,0.024905
-0.15898,-0.015392,-0.58753,-0.10726,0.3849,0.028386
-0.16049,-0.011739,-0.59011,-0.107,0.38671,0.031706
-0.16193,-0.0083297,-0.59272,-0.1068,0.38851,0.034814
-0.16328,-0.005216,-0.59535,-0.10665,0.39032,0.037664
-0.16453,-0.0024481,-0.59801,-0.10659,0.39214,0.040211
-0.16567,-7.0411e-05,-0.60071,-0.1066,0.39395,0.042417
-0.16668,0.0018787,-0.60345,-0.10671,0.39578,0.044246
-0.16754,0.0033679,-0.60622,-0.10692,0.39761,0.045672
-0.16826,0.004374,-0.60905,-0.10723,0.39945,0.046672
-0.16881,0.0048828,-0.61191,-0.10765,0.40129,0.047235
-0.16921,0.0048896,-0.61483,-0.10818,0.40314,0.047356
-0.16944,0.0043997,-0.61779,-0.10882,0.40499,0.047038
-0.16951,0.0034292,-0.6208,-0.10956,0.40686,0.046295
-0.16943,0.0020049,-0.62385,-0.1104,0.40872,0.04515
-0.16921,0.00016407,-0.62694,-0.11133,0.41059,0.043637
-0.16885,-0.0020452,-0.63006,-0.11234,0.41246,0.041795
-0.16838,-0.0045651,-0.63322,-0.11342,0.41434,0.039677
-0.16782,-0.0073285,-0.6364,-0.11455,0.41621,0.037342
-0.16719,-0.01026,-0.6396,-0.11572,0.41809,0.034854
-0.16652,-0.013277,-0.64281,-0.1169,0.41996,0.032288
-0.16584,-0.016291,-0.64602,-0.11809,0.42184,0.029721
-0.16517,-0.019211,-0.64923,-0.11926,0.42371,0.027234
-0.16455,-0.021943,-0.65242,-0.12039,0.42558,0.02491
-0.16401,-0.024393,-0.65559,-0.12146,0.42745,0.022833
-0.16359,-0.026471,-0.65873,-0.12245,0.42932,0.021082
-0.16332,-0.02809,-0.66184,-0.12334,0.43119,0.019736
-0.16322,-0.029173,-0.6649,-0.12411,0.43305,0.018863
-0.16333,-0.02965,-0.66791,-0.12476,0.43491,0.018526
-0.16366,-0.029466,-0.67087,-0.12526,0.43678,0.018774
-0.16423,-0.02858,-0.67376,-0.12562,0.43864,0.019644
-0.16506,-0.026968,-0.6766,-0.12581,0.44049,0.021159
-0.16614,-0.024625,-0.67937,-0.12585,0.44235,0.023323
-0.16749,-0.021568,-0.68208,-0.12574,0.44421,0.026123
-0.16908,-0.017835,-0.68473,-0.12548,0.44606,0.029526
-0.1709,-0.013487,-0.68732,-0.12508,0.44792,0.033478
-0.17292,-0.0086067,-0.68986,-0.12457,0.44977,0.037905
-0.17511,-0.0033007,-0.69236,-0.12397,0.45162,0.042714
-0.17741,0.0023043,-0.69483,-0.1233,0.45346,0.047792
-0.17979,0.008063,-0.69728,-0.12259,0.45531,0.05301
-0.18218,0.013814,-0.69973,-0.12189,0.45715,0.058224
-0.18452,0.019385,-0.70219,-0.12122,0.459,0.063281
-0.18674,0.024596,-0.70468,-0.12063,0.46084,0.06802
-0.18877,0.029267,-0.70721,-0.12016,0.46269,0.072279
-0.19054,0.033223,-0.70982,-0.11984,0.46455,0.075903
-0.192,0.036303,-0.71251,-0.11971,0.4664,0.078745
-0.19308,0.038365,-0.7153,-0.11981,0.46827,0.080681
-0.19373,0.039299,-0.7182,-0.12015,0.47015,0.081608
-0.19393,0.039031,-0.72122,-0.12076,0.47203,0.08146
-0.19366,0.037534,-0.72436,-0.12163,0.47392,0.080211
-0.19292,0.034832,-0.72763,-0.12278,0.47582,0.077881
-0.19173,0.031009,-0.731,-0.12416,0.47772,0.074544
-0.19014,0.026214,-0.73448,-0.12576,0.47962,0.070331
-0.18824,0.020659,-0.73803,-0.12753,0.48152,0.065432
-0.18613,0.014622,-0.74162,-0.1294,0.48342,0.060095
-0.18394,0.0084402,-0.74522,-0.13131,0.48531,0.054621
-0.18181,0.002502,-0.7488,-0.13316,0.48719,0.049359
-0.17992,-0.0027669,-0.75231,-0.13486,0.48906,0.044693
-0.17845,-0.0069225,-0.75572,-0.13632,0.49093,0.041021
-0.17758,-0.009528,-0.75898,-0.13745,0.4928,0.038738
-0.17748,-0.010185,-0.76206,-0.13815,0.49466,0.038205
-0.17829,-0.0085693,-0.76492,-0.13835,0.49653,0.039716
-0.1801,-0.0044776,-0.76755,-0.13801,0.49841,0.043457
-0.18294,0.0021279,-0.76993,-0.13712,0.50029,0.049464
-0.18675,0.011067,-0.77208,-0.13572,0.50216,0.057577
-0.19136,0.021892,-0.77402,-0.1339,0.50403,0.067397
-0.19646,0.033846,-0.77583,-0.13182,0.50588,0.07824
-0.20161,0.045834,-0.77762,-0.12973,0.50772,0.089121
-0.20621,0.056433,-0.77952,-0.12795,0.50956,0.098756
-0.20957,0.063956,-0.78174,-0.12683,0.5114,0.10562
-0.21092,0.066599,-0.78446,-0.1268,0.51327,0.10808
-0.20954,0.062724,-0.78789,-0.12821,0.51517,0.10466
-0.20498,0.051314,-0.7921,-0.13129,0.51709,0.094421
-0.19729,0.032638,-0.79705,-0.13597,0.519,0.077596
-0.18749,0.0091886,-0.80243,-0.14169,0.52084,0.056428
-0.17813,-0.012968,-0.8076,-0.14711,0.5226,0.036404
-0.16955,-0.033097,-0.81251,-0.15206,0.5243,0.018191
-0.16194,-0.050754,-0.81714,-0.15647,0.52597,0.0021982
-0.15549,-0.065587,-0.82147,-0.16025,0.52762,-0.011251
-0.15032,-0.077342,-0.82551,-0.16335,0.52928,-0.02192
-0.14652,-0.085857,-0.82926,-0.16575,0.53097,-0.029656
-0.1173,-0.15165,-0.83748,-0.18043,0.53135,-0.089526
-0.089961,-0.21237,-0.84469,-0.19386,0.53127,-0.14488
-0.02975,-0.34482,-0.85475,-0.22193,0.52714,-0.26581
0.0272,-0.46775,-0.86169,-0.24732,0.52114,-0.37834
0.14098,-0.70954,-0.86494,-0.29469,0.50123,-0.60016
0.2526,-0.94035,-0.85848,-0.33728,0.47395,-0.81261
0.35969,-1.1559,-0.84348,-0.37456,0.44072,-1.0116
0.46004,-1.3524,-0.82172,-0.40628,0.4034,-1.1935
0.55182,-1.5274,-0.79532,-0.43252,0.36405,-1.3558
0.63368,-1.6793,-0.76658,-0.45362,0.3248,-1.497
0.84515,-2.0669,-0.66177,-0.49907,0.20008,-1.8565
1.0637,-2.446,-0.51092,-0.52992,0.037974,-2.2078
1.2895,-2.8118,-0.30193,-0.54186,-0.1703,-2.5451
-1.2076,2.5036,0.012564,0.55759,0.06013,2.2657
-1.078,2.122,-0.22716,0.4234,0.22319,1.9436
-0.93309,1.7318,-0.42251,0.29777,0.34932,1.6057
-0.77545,1.335,-0.58084,0.17977,0.44423,1.2559
-0.60666,0.93279,-0.70663,0.068831,0.5114,0.89641
-0.42775,0.52616,-0.80232,-0.03524,0.55277,0.52899
-0.23949,0.11614,-0.86893,-0.1323,0.56916,0.15522
-0.042518,-0.29599,-0.90632,-0.2219,0.56052,-0.22323
0.16258,-0.70871,-0.91334,-0.30328,0.52603,-0.60451
0.37533,-1.1203,-0.88781,-0.37537,0.46407,-0.98654
0.59539,-1.5287,-0.82625,-0.4367,0.37204,-1.367
0.82258,-1.9317,-0.72334,-0.48523,0.24595,-1.7429
1.0569,-2.3261,-0.57089,-0.51798,0.079759,-2.1105
1.2981,-2.7068,-0.35626,-0.53044,-0.13562,-2.4632
-1.2836,2.5451,0.049332,0.58115,0.04033,2.311
-1.1434,2.1547,-0.21867,0.43745,0.22266,1.9822
-0.98553,1.7538,-0.43464,0.30378,0.36209,1.6345
-0.81345,1.3454,-0.60778,0.17906,0.46564,1.273
-0.62912,0.93102,-0.74363,0.062613,0.53761,0.90047
-0.43378,0.5119,-0.84523,-0.045821,0.58039,0.51924
-0.22837,0.089196,-0.91383,-0.1461,0.59499,0.13112
-0.01364,-0.33566,-0.94928,-0.23771,0.58135,-0.26194
0.20973,-0.76098,-0.95017,-0.31975,0.53847,-0.65782
0.44117,-1.1848,-0.91379,-0.39094,0.46434,-1.0541
0.68023,-1.6047,-0.83574,-0.44945,0.35572,-1.4478
0.92658,-2.0179,-0.70919,-0.49271,0.20758,-1.8354
1.1799,-2.4199,-0.52353,-0.51683,0.012257,-2.2113
-1.4205,2.767,0.2586,0.683,-0.099993,2.5011
-1.2845,2.3833,-0.069577,0.5258,0.12763,2.1868
-1.1256,1.9844,-0.33133,0.38059,0.30151,1.8456
-0.9495,1.5754,-0.54061,0.24598,0.43208,1.486
-0.75917,1.1589,-0.70592,0.12093,0.52583,1.1125
-0.60536,0.83602,-0.80652,0.031212,0.57557,0.81933
-0.47196,0.56465,-0.87433,-0.039695,0.60328,0.57082
-0.35073,0.32453,-0.92223,-0.099128,0.61751,0.34951
-0.23508,0.10094,-0.95674,-0.15168,0.62218,0.14236
-0.11916,-0.11807,-0.98101,-0.2005,0.61863,-0.061476
0.0024709,-0.34276,-0.99583,-0.24775,0.60647,-0.27144
0.13517,-0.58243,-0.99996,-0.29485,0.58366,-0.49624
0.28459,-0.84602,-0.98992,-0.34249,0.54636,-0.74426
0.457,-1.1425,-0.95914,-0.39046,0.48818,-1.0239
0.65966,-1.4808,-0.89624,-0.43718,0.39877,-1.3437
0.90111,-1.8696,-0.7814,-0.47851,0.26106,-1.7112
1.1537,-2.2577,-0.60968,-0.50314,0.077091,-2.0767
1.4178,-2.6396,-0.36213,-0.50477,-0.16682,-2.4328
-1.3926,2.472,0.0063351,0.57045,0.08318,2.2741
-1.2276,2.0783,-0.28926,0.41683,0.28082,1.9398
-1.0481,1.6833,-0.51878,0.27889,0.42579,1.593
-0.85875,1.2902,-0.69704,0.15429,0.52942,1.24
-0.66169,0.89946,-0.8334,0.041163,0.59889,0.88354
-0.47744,0.54753,-0.92576,-0.052471,0.63616,0.55873
-0.2994,0.21814,-0.98782,-0.13335,0.65064,0.25209
-0.12169,-0.1012,-1.026,-0.20554,0.64624,-0.047198
0.061681,-0.42164,-1.0423,-0.27169,0.62338,-0.34918
0.25685,-0.7533,-1.035,-0.33314,0.5795,-0.66312
0.4702,-1.1054,-0.99827,-0.38992,0.5088,-0.99751
0.70856,-1.4863,-0.9208,-0.44024,0.40118,-1.3598
0.96162,-1.8755,-0.79349,-0.47747,0.25177,-1.7297
1.2312,-2.2713,-0.5994,-0.49641,0.047649,-2.104
1.5178,-2.6667,-0.31064,-0.48797,-0.23129,-2.4725
-1.4035,2.3489,-0.093151,0.52752,0.15696,2.1823
-1.2326,1.9747,-0.36986,0.38125,0.33857,1.8605
-1.0457,1.5925,-0.59016,0.24722,0.47463,1.5212
-0.84622,1.2051,-0.76396,0.12418,0.57257,1.1699
-0.65582,0.84973,-0.88697,0.021087,0.63259,0.84282
-0.46206,0.50019,-0.97759,-0.071947,0.66653,0.51742
-0.27062,0.1651,-1.038,-0.15366,0.67706,0.20275
-0.077498,-0.16362,-1.0726,-0.22673,0.66682,-0.10802
0.12162,-0.49351,-1.0824,-0.2928,0.6358,-0.42159
0.33127,-0.83155,-1.0654,-0.3525,0.58145,-0.7442
0.55615,-1.184,-1.0157,-0.4053,0.49849,-1.0814
0.80104,-1.5559,-0.92325,-0.44907,0.37806,-1.4375
1.0553,-1.9281,-0.78091,-0.47806,0.21711,-1.793
1.3191,-2.2975,-0.57499,-0.48777,0.0057183,-2.143
1.591,-2.6565,-0.28386,-0.47098,-0.27091,-2.4773
-1.4599,2.3378,-0.099633,0.5306,0.16783,2.1842
-1.2905,1.9876,-0.37512,0.38848,0.34792,1.8826
-1.1255,1.666,-0.57624,0.27089,0.47256,1.5969
-0.96911,1.3735,-0.72562,0.17267,0.5591,1.3318
-0.82216,1.1073,-0.8382,0.089519,0.61889,1.0872
-0.68371,0.863,-0.92402,0.01803,0.65941,0.86036
-0.55202,0.63598,-0.98986,-0.044509,0.68557,0.64785
-0.42503,0.42159,-1.0403,-0.10023,0.70051,0.44584
-0.30049,0.21539,-1.0783,-0.15078,0.70612,0.25048
-0.17608,0.013221,-1.1057,-0.19745,0.70331,0.05801
-0.049465,-0.18886,-1.123,-0.24117,0.69221,-0.13516
0.081738,-0.39458,-1.1303,-0.28258,0.67224,-0.33252
0.21997,-0.60752,-1.1263,-0.32203,0.64206,-0.5374
0.36775,-0.83108,-1.1091,-0.3595,0.59954,-0.75301
0.52771,-1.0685,-1.075,-0.39456,0.54149,-0.98237
0.70259,-1.3229,-1.019,-0.42623,0.46339,-1.2282
0.89519,-1.5967,-0.93338,-0.45268,0.35881,-1.4924
1.1082,-1.8915,-0.80667,-0.4708,0.21856,-1.7759
1.3439,-2.2067,-0.62138,-0.47543,0.029269,-2.0765
1.6028,-2.5371,-0.34984,-0.45787,-0.22906,-2.386
-1.5657,2.3863,-0.044882,0.56411,0.14036,2.2395
-1.3833,2.0335,-0.35688,0.41081,0.34446,1.9372
-1.2014,1.7021,-0.58535,0.28292,0.48622,1.6422
-1.0259,1.3953,-0.75506,0.17549,0.58445,1.3625
-0.85832,1.1116,-0.88256,0.084127,0.65167,1.0995
-0.69819,0.84746,-0.97893,0.0053172,0.69612,0.85187
-0.54392,0.59873,-1.0516,-0.063733,0.72319,0.6165
-0.39342,0.36104,-1.1055,-0.1252,0.73627,0.38994
-0.24431,0.13005,-1.1437,-0.18075,0.73728,0.16845
-0.094083,-0.098424,-1.1679,-0.23162,0.72697,-0.051701
0.059857,-0.32839,-1.1783,-0.27862,0.70511,-0.27419
0.22018,-0.56367,-1.174,-0.3222,0.67049,-0.50255
0.38965,-0.80791,-1.1529,-0.36234,0.62087,-0.74016
0.57106,-1.0645,-1.1111,-0.39851,0.55276,-0.99008
0.76726,-1.3364,-1.0427,-0.42947,0.46107,-1.2549
0.98101,-1.626,-0.93874,-0.45296,0.3385,-1.5361
1.2147,-1.934,-0.78584,-0.46517,0.17455,-1.8335
1.4695,-2.2584,-0.56327,-0.45978,-0.046042,-2.1426
1.7436,-2.5903,-0.23818,-0.42632,-0.3459,-2.4507
-1.5596,2.235,-0.18767,0.50462,0.24303,2.1249
-1.3455,1.8597,-0.50281,0.3439,0.44347,1.7958
-1.1306,1.5016,-0.73237,0.20898,0.57971,1.4701
-0.92012,1.1635,-0.90072,0.094756,0.67014,1.1555
-0.71508,0.84345,-1.0239,-0.0031528,0.72673,0.85311
-0.51428,0.53772,-1.1123,-0.088188,0.75707,0.56086
-0.3155,0.24168,-1.1723,-0.16295,0.76562,0.27543
-0.11593,-0.049476,-1.2076,-0.2293,0.75458,-0.0071343
0.087542,-0.34051,-1.2192,-0.2884,0.72419,-0.29098
0.29822,-0.636,-1.206,-0.34072,0.67297,-0.58017
0.51948,-0.94016,-1.1645,-0.38592,0.59753,-0.87837
0.75464,-1.2566,-1.0881,-0.42268,0.49229,-1.1885
1.0067,-1.5878,-0.9663,-0.44827,0.34869,-1.5121
1.278,-1.9341,-0.7824,-0.45785,0.15405,-1.8476
1.5685,-2.2913,-0.51004,-0.44324,-0.11051,-2.1876
-1.7563,2.4803,0.099501,0.63771,0.060458,2.3396
-1.5571,2.1315,-0.2867,0.46397,0.31387,2.0466
-1.3517,1.7939,-0.56727,0.31897,0.48916,1.7467
-1.1502,1.476,-0.77383,0.1976,0.6098,1.455
-0.95611,1.1789,-0.92731,0.095095,0.69146,1.1766
-0.76986,0.90052,-1.0416,0.0074736,0.74449,0.91195
-0.59023,0.63761,-1.1261,-0.068414,0.77569,0.6593
-0.41521,0.38619,-1.187,-0.13503,0.78937,0.41568
-0.24236,0.1421,-1.2281,-0.19424,0.78802,0.17765
-0.068934,-0.098802,-1.2516,-0.24741,0.7727,-0.058475
0.10794,-0.34063,-1.2578,-0.2954,0.7432,-0.29642
0.29126,-0.58736,-1.2456,-0.33861,0.69813,-0.53983
0.48411,-0.84279,-1.2124,-0.37686,0.63474,-0.79219
0.6896,-1.1104,-1.1532,-0.40932,0.54871,-1.0566
0.91072,-1.3932,-1.0603,-0.43417,0.43369,-1.3352
1.1501,-1.6929,-0.92206,-0.44824,0.28046,-1.6288
1.4091,-2.009,-0.72071,-0.44628,0.075776,-1.9347
1.6867,-2.3359,-0.42859,-0.41967,-0.19956,-2.2438
-1.7734,2.3857,0.0013259,0.60106,0.13428,2.2736
-1.5757,2.0648,-0.35344,0.43969,0.36377,2
-1.378,1.7594,-0.6121,0.30606,0.52319,1.726
-1.188,1.4756,-0.80338,0.19503,0.63377,1.4637
-1.0086,1.2141,-0.9463,0.10203,0.70967,1.2172
-0.83998,0.97325,-1.0538,0.023315,0.76049,0.98688
-0.68101,0.75007,-1.1348,-0.044119,0.7927,0.77128
-0.52995,0.54124,-1.1954,-0.10267,0.81067,0.56793
-0.38473,0.34328,-1.24,-0.15422,0.81726,0.37395
-0.24305,0.15268,-1.2713,-0.20026,0.81416,0.18625
-0.10251,-0.034008,-1.291,-0.24192,0.8022,0.0016359
0.039383,-0.22022,-1.2997,-0.28005,0.7814,-0.1831
0.18524,-0.40937,-1.2971,-0.31517,0.75103,-0.37121
0.33778,-0.60484,-1.2819,-0.34752,0.70957,-0.56592
0.49983,-0.81003,-1.2516,-0.37693,0.65455,-0.77045
0.67435,-1.0283,-1.2023,-0.40279,0.58235,-0.98784
0.86433,-1.2626,-1.1278,-0.4238,0.48781,-1.2208
1.0726,-1.5157,-1.0192,-0.43769,0.36361,-1.471
1.3015,-1.7887,-0.86307,-0.44072,0.19945,-1.7386
1.5517,-2.0803,-0.63924,-0.42687,-0.019338,-2.0196
1.8204,-2.3831,-0.31654,-0.38649,-0.31369,-2.3022
-1.7742,2.2655,-0.13086,0.55019,0.23001,2.1861
-1.5633,1.9508,-0.46838,0.39273,0.44381,1.9117
-1.3574,1.6552,-0.71238,0.26382,0.5902,1.6417
-1.1631,1.3837,-0.89099,0.15792,0.68996,1.3868
-0.98265,1.1365,-1.023,0.070259,0.75698,1.1504
-0.81564,0.91141,-1.121,-0.0030286,0.80061,0.93246
-0.66072,0.70559,-1.1939,-0.065005,0.82723,0.73126
-0.51597,0.51572,-1.2479,-0.1181,0.84115,0.54431
-0.37921,0.3384,-1.2873,-0.16424,0.84524,0.36873
-0.24809,0.17024,-1.315,-0.20495,0.8413,0.20147
-0.12019,0.0079039,-1.3328,-0.24143,0.83031,0.039415
0.0070252,-0.15195,-1.3417,-0.27461,0.81253,-0.12062
0.13617,-0.31267,-1.3419,-0.30517,0.78761,-0.28188
0.27003,-0.4777,-1.3328,-0.33354,0.75448,-0.44771
0.41157,-0.65055,-1.3126,-0.35987,0.71134,-0.62154
0.56396,-0.83491,-1.2786,-0.38396,0.65543,-0.8069
0.7306,-1.0345,-1.2264,-0.40513,0.58269,-1.0073
0.91508,-1.2531,-1.1491,-0.42196,0.48736,-1.226
1.1209,-1.494,-1.0368,-0.43197,0.36115,-1.4656
1.351,-1.7592,-0.87391,-0.43095,0.19217,-1.7266
1.6066,-2.0479,-0.63686,-0.41196,-0.036791,-2.0052
1.884,-2.352,-0.28825,-0.36364,-0.35068,-2.2875
-1.8049,2.2038,-0.19392,0.5293,0.2798,2.1463
-1.5553,1.8577,-0.56606,0.35397,0.51157,1.8398
-1.2949,1.5094,-0.84206,0.20377,0.67171,1.5154
-1.0317,1.1661,-1.0456,0.075168,0.77738,1.1859
-0.76877,0.82986,-1.1923,-0.035164,0.84009,0.85678
-0.50648,0.50012,-1.2926,-0.12995,0.86727,0.52964
-0.24383,0.1749,-1.3527,-0.21119,0.86329,0.20402
0.020998,-0.14837,-1.3755,-0.28014,0.83001,-0.12158
0.29016,-0.47243,-1.3613,-0.33727,0.76712,-0.449
0.56583,-0.79976,-1.3074,-0.38215,0.67219,-0.7798
0.84982,-1.1321,-1.2077,-0.41326,0.54052,-1.1146
1.1431,-1.4699,-1.0524,-0.42777,0.36478,-1.4521
1.4448,-1.8108,-0.82628,-0.42098,0.13436,-1.7874
1.7505,-2.1478,-0.50608,-0.38567,-0.16544,-2.109
-1.9673,2.3666,0.054622,0.63668,0.12581,2.2887
-1.7676,2.0918,-0.32564,0.47515,0.3689,2.0574
-1.5921,1.8581,-0.57415,0.35676,0.52178,1.848
-1.4543,1.678,-0.73328,0.27422,0.61575,1.6815
-1.3578,1.5528,-0.83081,0.22052,0.67127,1.5636
-1.3028,1.4812,-0.88266,0.19105,0.70009,1.4958
-1.2891,1.4619,-0.89705,0.18317,0.70822,1.4777
-1.316,1.4936,-0.87652,0.19591,0.69746,1.5084
-1.3826,1.5749,-0.81875,0.22971,0.66594,1.5864
-1.4873,1.7044,-0.71666,0.28625,0.60821,1.709
-1.627,1.8788,-0.55788,0.36827,0.51477,1.871
-1.7951,2.0916,-0.32359,0.47926,0.37131,2.0625
-1.9793,2.3298,0.013193,0.62255,0.15772,2.2645
1.8419,-2.1939,-0.41879,-0.36324,-0.25015,-2.1597
1.608,-1.936,-0.70147,-0.40081,0.0055581,-1.9185
1.3966,-1.699,-0.90095,-0.41804,0.19648,-1.6897
1.2104,-1.488,-1.0428,-0.42271,0.33982,-1.4823
1.0492,-1.3037,-1.1443,-0.41991,0.44805,-1.2992
0.91117,-1.1451,-1.2174,-0.41298,0.53021,-1.1404
0.79417,-1.0099,-1.2701,-0.40405,0.5929,-1.0045
0.69586,-0.89591,-1.3084,-0.3945,0.64094,-0.88956
0.614,-0.80058,-1.3364,-0.38518,0.67789,-0.79325
0.54652,-0.72169,-1.3569,-0.37659,0.70638,-0.71348
0.49163,-0.65723,-1.3721,-0.369,0.72833,-0.64827
0.44776,-0.60542,-1.3834,-0.36257,0.74515,-0.59588
0.41362,-0.56482,-1.3918,-0.35734,0.7579,-0.55486
0.38822,-0.53424,-1.398,-0.35332,0.76731,-0.52403
0.37081,-0.51284,-1.4025,-0.35049,0.77388,-0.50256
0.36098,-0.50012,-1.4056,-0.34886,0.77791,-0.48993
0.35866,-0.49597,-1.4075,-0.34846,0.77951,-0.48605
0.36421,-0.50076,-1.408,-0.34932,0.7786,-0.49131
0.37855,-0.51549,-1.407,-0.35158,0.77481,-0.50674
0.40335,-0.542,-1.4039,-0.35542,0.76744,-0.53422
0.44141,-0.58337,-1.3978,-0.36109,0.75519,-0.57691
0.49723,-0.64456,-1.3868,-0.36895,0.73579,-0.63988
0.57815,-0.73363,-1.3674,-0.37934,0.70507,-0.73131
0.69641,-0.86395,-1.332,-0.39237,0.65495,-0.86472
0.8737,-1.059,-1.2635,-0.40695,0.56821,-1.0635
1.1525,-1.3641,-1.1161,-0.41698,0.40195,-1.3717
1.4069,-1.6391,-0.93348,-0.41046,0.21441,-1.6454
1.8989,-2.1627,-0.39521,-0.3421,-0.28199,-2.1443
-1.8561,2.0728,-0.33918,0.48077,0.39131,2.06
-1.4053,1.5351,-0.88274,0.21159,0.71222,1.5616
-0.90737,0.95647,-1.229,-0.0095356,0.88081,0.9918
-0.3872,0.36307,-1.4133,-0.18304,0.92288,0.39038
0.14195,-0.23142,-1.4537,-0.3098,0.85265,-0.21977
0.62657,-0.76826,-1.3682,-0.38387,0.69387,-0.77136
1.1056,-1.2914,-1.1576,-0.41449,0.44077,-1.3036
1.5686,-1.7887,-0.80186,-0.39489,0.082746,-1.7963
1.7758,-2.0061,-0.57566,-0.36523,-0.12599,-2.0039
1.9902,-2.2277,-0.275,-0.31549,-0.38872,-2.2064
-2.0035,2.2214,-0.11641,0.57768,0.25507,2.1917
-1.8183,1.9986,-0.4319,0.44198,0.45174,1.9987
-1.6357,1.7831,-0.67211,0.32763,0.59584,1.8014
-1.4623,1.5811,-0.8561,0.23177,0.701,1.61
-1.3013,1.3953,-0.99766,0.15156,0.77725,1.43
-1.1539,1.2265,-1.1069,0.084449,0.83199,1.2639
-1.0203,1.0746,-1.1914,0.028272,0.87073,1.1126
-0.76129,0.78315,-1.3192,-0.068987,0.9189,0.81879
-0.50131,0.49312,-1.4073,-0.15328,0.9367,0.52299
-0.24055,0.2045,-1.4594,-0.22553,0.92674,0.22636
0.021238,-0.083114,-1.4774,-0.28629,0.89034,-0.070576
0.28446,-0.37026,-1.4617,-0.33572,0.82769,-0.36751
0.54946,-0.65732,-1.4111,-0.37353,0.73794,-0.66399
0.81629,-0.9443,-1.3231,-0.39896,0.61922,-0.95908
1.0844,-1.2305,-1.1933,-0.41067,0.46862,-1.2509
1.3525,-1.5143,-1.0154,-0.40672,0.28218,-1.5361
1.6176,-1.7923,-0.78073,-0.38446,0.054852,-1.809
1.8746,-2.0585,-0.47768,-0.34044,-0.2195,-2.0606
2.1144,-2.3028,-0.090697,-0.27046,-0.54775,-2.2763
-1.9181,2.0718,-0.33086,0.49109,0.39482,2.0706
-1.6043,1.7145,-0.74784,0.29527,0.64439,1.7431
-1.2144,1.2784,-1.092,0.10253,0.82947,1.319
-0.76758,0.78526,-1.3372,-0.071722,0.93105,0.82217
-0.28668,0.26042,-1.4697,-0.21584,0.94066,0.28271
0.20558,-0.27154,-1.4849,-0.32234,0.85799,-0.2687
0.68831,-0.78825,-1.384,-0.38719,0.68813,-0.8035
1.1425,-1.2696,-1.1729,-0.40912,0.44,-1.2957
1.5505,-1.6973,-0.86092,-0.38953,0.12634,-1.7216
1.8964,-2.0547,-0.46347,-0.33295,-0.23515,-2.061
-2.1133,2.2713,0.0043122,0.63001,0.18779,2.2421
-1.8321,1.952,-0.48864,0.42311,0.49398,1.9673
-1.4667,1.5458,-0.90536,0.21557,0.73513,1.5845
-1.0349,1.0726,-1.2213,0.023125,0.89186,1.115
-0.55871,0.55658,-1.4222,-0.14176,0.9543,0.58808
-0.060681,0.02178,-1.5023,-0.27059,0.92048,0.033983
0.43832,-0.50951,-1.4615,-0.35822,0.79361,-0.51846
0.91919,-1.0172,-1.303,-0.4021,0.58019,-1.0427
1.3641,-1.4826,-1.032,-0.4018,0.2894,-1.5141
1.7559,-1.8879,-0.65702,-0.35923,-0.066201,-1.9093
2.0778,-2.2161,-0.1917,-0.2794,-0.46897,-2.2074
-1.9758,2.0929,-0.29156,0.51178,0.37598,2.0959
-1.6511,1.7347,-0.7366,0.30705,0.64274,1.7687
-1.2565,1.3057,-1.0927,0.11137,0.83512,1.3506
-0.81081,0.82608,-1.3446,-0.062879,0.94143,0.86546
-0.33409,0.31748,-1.4842,-0.20656,0.95715,0.34029
0.15408,-0.19945,-1.5094,-0.31362,0.88302,-0.19823
0.6356,-0.70573,-1.4212,-0.38052,0.72323,-0.72506
1.0936,-1.1838,-1.2229,-0.40565,0.48433,-1.2168
1.5121,-1.617,-0.91958,-0.38922,0.17527,-1.6513
1.875,-1.989,-0.51927,-0.33364,-0.19169,-2.0073
-2.1573,2.2737,0.03484,0.644,0.1742,2.2492
-1.8545,1.9412,-0.5016,0.42142,0.50647,1.9639
-1.4692,1.5252,-0.93524,0.20589,0.75576,1.5696
-1.0227,1.0483,-1.2533,0.011318,0.9109,1.0932
-0.53682,0.53364,-1.4494,-0.15222,0.96772,0.5643
-0.032271,0.002834,-1.5223,-0.278,0.92699,0.011293
0.47205,-0.52438,-1.4727,-0.36184,0.79248,-0.53932
0.95862,-1.0298,-1.3029,-0.40135,0.56973,-1.0628
1.4104,-1.4959,-1.0156,-0.39562,0.26579,-1.535
1.8099,-1.9046,-0.61432,-0.34547,-0.10988,-1.9317
2.1383,-2.2366,-0.10561,-0.25423,-0.54359,-2.2281
-1.9332,2.0113,-0.40524,0.46605,0.45018,2.0298
-1.5886,1.6425,-0.8352,0.26191,0.70266,1.6858
-1.1836,1.2135,-1.1676,0.072494,0.87547,1.2617
-0.73637,0.74302,-1.3946,-0.092551,0.96258,0.78116
-0.26464,0.24976,-1.5126,-0.22637,0.96263,0.26831
0.21477,-0.24887,-1.5212,-0.32439,0.87749,-0.25363
0.68621,-0.73671,-1.4216,-0.38382,0.71106,-0.76285
1.1348,-1.1985,-1.216,-0.40325,0.46878,-1.2385
1.5459,-1.6191,-0.90742,-0.3826,0.15774,-1.6602
1.9042,-1.9832,-0.50054,-0.32352,-0.21241,-2.0074
-2.1679,2.2475,0.0032259,0.63384,0.19891,2.2326
-1.8627,1.9219,-0.52608,0.41375,0.525,1.9515
-1.4818,1.5202,-0.94994,0.20333,0.76733,1.5689
-1.0456,1.0637,-1.2611,0.014419,0.91884,1.1111
-0.57353,0.57251,-1.4565,-0.14467,0.97751,0.60459
-0.083694,0.065323,-1.5361,-0.26835,0.94471,0.074295
0.40741,-0.44094,-1.5009,-0.353,0.82379,-0.4566
0.88436,-0.93048,-1.3524,-0.39636,0.61924,-0.96623
1.332,-1.3879,-1.0922,-0.39729,0.33651,-1.4332
1.7347,-1.797,-0.7218,-0.35588,-0.017383,-1.8354
2.0751,-2.1404,-0.24399,-0.27403,-0.43249,-2.1496
-2.0266,2.0826,-0.29103,0.51747,0.38404,2.0972
-1.6888,1.7284,-0.75501,0.30673,0.66063,1.7725
-1.2895,1.3128,-1.115,0.11135,0.85396,1.3645
-0.84693,0.85467,-1.3668,-0.059584,0.96026,0.89738
-0.37824,0.37158,-1.5092,-0.19978,0.97934,0.39462
0.10077,-0.12029,-1.5426,-0.30498,0.91331,-0.12176
0.57544,-0.60601,-1.4683,-0.37242,0.76564,-0.63117
1.0318,-1.0714,-1.2874,-0.40042,0.54069,-1.1139
1.4559,-1.5021,-1.0014,-0.38826,0.24378,-1.55
1.8329,-1.8832,-0.61176,-0.33646,-0.11807,-1.9192
2.1462,-2.198,-0.12141,-0.24739,-0.53473,-2.1996
-1.9786,2.0205,-0.38537,0.47854,0.44331,2.0447
-1.6472,1.6767,-0.8112,0.28028,0.69389,1.7248
-1.2617,1.279,-1.1434,0.096704,0.86925,1.3318
-0.83756,0.8433,-1.3779,-0.064475,0.96598,0.8861
-0.38962,0.38463,-1.5133,-0.19774,0.98364,0.40793
0.068306,-0.082873,-1.5495,-0.29928,0.92379,-0.083567
0.52321,-0.54603,-1.4874,-0.36654,0.78931,-0.57024
0.96267,-0.99223,-1.3282,-0.39796,0.58396,-1.0346
1.3743,-1.409,-1.0731,-0.39287,0.31248,-1.4594
1.7452,-1.7833,-0.72393,-0.35164,-0.018984,-1.8267
2.0616,-2.1011,-0.28365,-0.27614,-0.40191,-2.1183
-2.0855,2.1207,-0.2188,0.54905,0.34265,2.1336
-1.7788,1.8046,-0.67293,0.34963,0.61599,1.8484
-1.4143,1.4309,-1.0362,0.16185,0.81701,1.4851
-1.0073,1.015,-1.3045,-0.0062069,0.94183,1.0637
-0.57218,0.57156,-1.4764,-0.14871,0.98948,0.60352
-0.12235,0.11427,-1.5517,-0.26157,0.96099,0.12318
0.3296,-0.34417,-1.5309,-0.34199,0.85869,-0.35978
0.77172,-0.7917,-1.4151,-0.38811,0.68581,-0.82858
1.1923,-1.2165,-1.2053,-0.39891,0.4463,-1.2667
1.5792,-1.6064,-0.90274,-0.37419,0.14514,-1.6574
1.9197,-1.9486,-0.50909,-0.31493,-0.21096,-1.9832
2.1995,-2.2286,-0.027643,-0.22377,-0.61245,-2.226
-1.9612,1.984,-0.43664,0.45825,0.47695,2.0153
-1.6493,1.6656,-0.82702,0.27517,0.7051,1.717
-1.2906,1.3005,-1.1372,0.10468,0.8688,1.3554
-0.89731,0.90121,-1.3636,-0.046928,0.96494,0.94687
-0.48146,0.47984,-1.5043,-0.17497,0.9927,0.50733
-0.054362,0.047822,-1.559,-0.27608,0.95286,0.052448
0.37316,-0.38395,-1.528,-0.3479,0.84741,-0.40282
0.79069,-0.805,-1.412,-0.3889,0.67917,-0.84398
1.188,-1.205,-1.2123,-0.3983,0.45183,-1.2568
1.5546,-1.5736,-0.93048,-0.37611,0.17007,-1.6269
1.8798,-1.8999,-0.5688,-0.32337,-0.15989,-1.9397
2.152,-2.1722,-0.13117,-0.24251,-0.5295,-2.1805
-2.0382,2.0551,-0.32468,0.5068,0.41003,2.0797
-1.7507,1.7631,-0.7231,0.32772,0.64702,1.8118
-1.4157,1.4238,-1.0481,0.15825,0.82521,1.4802
-1.0443,1.0484,-1.2956,0.0046541,0.94087,1.0992
-0.64766,0.64799,-1.4632,-0.1283,0.99248,0.68349
-0.23615,0.23311,-1.5501,-0.23709,0.98016,0.24741
0.18009,-0.18606,-1.5562,-0.31917,0.90523,-0.19514
0.59133,-0.59976,-1.4819,-0.37282,0.76993,-0.63068
0.98808,-0.99846,-1.3283,-0.397,0.57726,-1.0461
1.3609,-1.3727,-1.0966,-0.39137,0.33111,-1.4282
1.6999,-1.7126,-0.78879,-0.35642,0.036501,-1.7637
1.9951,-2.0082,-0.40782,-0.29369,-0.29985,-2.0395
-2.1939,2.2066,-0.040736,0.6207,0.23547,2.2081
-1.9286,1.9382,-0.50113,0.43131,0.51749,1.9762
-1.6068,1.6135,-0.88241,0.2489,0.73752,1.6684
-1.2414,1.2453,-1.1808,0.081015,0.89138,1.301
-0.8447,0.84603,-1.3946,-0.066755,0.97739,0.89019
-0.42798,0.42701,-1.523,-0.19034,0.99559,0.45151
-0.0020363,-0.00093128,-1.5662,-0.28683,0.94723,-0.00014557
0.42293,-0.42758,-1.5248,-0.35414,0.83441,-0.45054
0.83702,-0.843,-1.3996,-0.3909,0.65986,-0.88583
1.2303,-1.2373,-1.1913,-0.39639,0.427,-1.2922
1.5927,-1.6003,-0.90106,-0.37058,0.14018,-1.6556
1.9133,-1.9212,-0.53049,-0.3144,-0.19485,-1.9613
2.1803,-2.1882,-0.082457,-0.23014,-0.57005,-2.1945
-2.0183,2.0246,-0.3711,0.4882,0.43974,2.0546
-1.728,1.7326,-0.75911,0.31161,0.66891,1.7843
-1.3932,1.3962,-1.0739,0.14552,0.83967,1.4538
-1.0247,1.0261,-1.3125,-0.0043853,0.94921,1.0769
-0.63269,0.63275,-1.4735,-0.13385,0.99658,0.6676
-0.22709,0.22598,-1.5561,-0.23972,0.98215,0.23933
0.18269,-0.18478,-1.5606,-0.31969,0.90729,-0.19488
0.58753,-0.59042,-1.4874,-0.37216,0.7741,-0.6224
0.97849,-0.98198,-1.3375,-0.39618,0.5854,-1.0308
1.3466,-1.3505,-1.1119,-0.39138,0.34477,-1.4076
1.6826,-1.6867,-0.81229,-0.35817,0.056819,-1.7404
1.9768,-1.981,-0.4412,-0.29789,-0.27233,-2.0162
2.219,-2.223,-0.0026467,-0.21322,-0.63438,-2.2226
-1.9942,1.9973,-0.41308,0.47056,0.46559,2.0309
-1.7181,1.7204,-0.77319,0.30513,0.67729,1.7731
-1.4016,1.4031,-1.0697,0.14853,0.83792,1.4611
-1.0536,1.0544,-1.2991,0.0057968,0.94433,1.1063
-0.68306,0.68316,-1.4591,-0.11912,0.99506,0.72044
-0.29853,0.29809,-1.5488,-0.22322,0.98996,0.31534
0.091545,-0.092423,-1.5677,-0.30426,0.92989,-0.097537
0.47897,-0.4802,-1.5161,-0.36069,0.81651,-0.50693
0.85571,-0.85719,-1.3949,-0.3915,0.65224,-0.9018
1.2138,-1.2154,-1.2053,-0.3963,0.44028,-1.2712
1.5451,-1.5469,-0.94908,-0.37537,0.18474,-1.6042
1.8417,-1.8434,-0.62909,-0.32976,-0.10904,-1.8901
2.0952,-2.0969,-0.24931,-0.26158,-0.43413,-2.1186
-2.1369,2.1384,-0.17145,0.57054,0.31814,2.1537
-1.8873,1.8883,-0.56927,0.40174,0.55923,1.932
-1.5918,1.5926,-0.90523,0.23853,0.75117,1.6494
-1.2597,1.2602,-1.1751,0.08664,0.8899,1.317
-0.89998,0.90015,-1.376,-0.049387,0.97318,0.94682
-0.52137,0.52132,-1.5067,-0.16606,1.0003,0.55058
-0.13245,0.13223,-1.5663,-0.26076,0.97149,0.13996
0.25847,-0.25882,-1.5549,-0.33155,0.88812,-0.27363
0.64326,-0.6437,-1.473,-0.3771,0.75214,-0.67899
1.0139,-1.0144,-1.3216,-0.39668,0.56631,-1.0651
1.3623,-1.3628,-1.1021,-0.39016,0.33417,-1.4208
1.6803,-1.6808,-0.81673,-0.35812,0.060349,-1.7354
1.9598,-1.9603,-0.46868,-0.30206,-0.24916,-1.998
2.1923,-2.1927,-0.062689,-0.22456,-0.58657,-2.1986
-2.0426,2.0429,-0.33993,0.50191,0.42165,2.0718
-1.7866,1.7868,-0.69752,0.34218,0.63431,1.837
-1.4906,1.4908,-0.99838,0.18891,0.80131,1.549
-1.1625,1.1626,-1.2383,0.047044,0.91895,1.2176
-0.81024,0.81026,-1.4144,-0.079462,0.98513,0.8533
-0.44181,0.4418,-1.5252,-0.18751,0.99911,0.46683
-0.065036,0.064994,-1.5697,-0.27473,0.96118,0.068779
0.31238,-0.31244,-1.5481,-0.33939,0.87253,-0.33035
0.68285,-0.68291,-1.4607,-0.38035,0.73515,-0.72018
1.0389,-1.0389,-1.3088,-0.39703,0.55181,-1.0905
1.373,-1.373,-1.0942,-0.38948,0.32619,-1.4313
1.6778,-1.6778,-0.81968,-0.35845,0.063004,-1.7326
1.946,-1.946,-0.48902,-0.30557,-0.2317,-1.9852
2.1705,-2.1706,-0.10767,-0.23348,-0.5503,-2.1806
-2.0778,2.0778,-0.28082,0.52648,0.38561,2.1023
-1.8379,1.838,-0.63485,0.37174,0.59793,1.8853
-1.5582,1.5582,-0.93804,0.22146,0.76914,1.6157
-1.2456,1.2456,-1.1854,0.080535,0.89489,1.3023
-0.90744,0.90744,-1.3733,-0.046983,0.97245,0.95443
-0.55128,0.55128,-1.4996,-0.15785,1.0005,0.58206
-0.18458,0.18458,-1.5629,-0.24953,0.97877,0.19526
0.1852,-0.1852,-1.5629,-0.32014,0.9081,-0.19591
